{"cameraMode":{"drawMode":0,"name":"Shaded","section":"Shading Mode"},"sceneLighting":true,"audioPlay":false,"sceneViewState":{"m_AlwaysRefresh":false,"showFog":true,"showSkybox":true,"showFlares":true,"showImageEffects":true,"showParticleSystems":true,"showVisualEffectGraphs":true,"m_FxEnabled":true},"in2DMode":false,"pivot":{"x":-0.9345967173576355,"y":9.597553253173829,"z":5.456107139587402},"rotation":{"x":-0.02387038804590702,"y":-0.7901299595832825,"z":0.6117071509361267,"w":-0.030831914395093919},"size":18.880353927612306,"orthographic":false}